absolute_path,filename,last_modified,size_bytes,sha256
/mnt/data/example.com/about.html,about.html,2026-07-10T03:09:15.895Z,99,e025691aaa3addeeba81f356f30f448db493a8d8b349f1f127a5b20360d2a808
/mnt/data/example.com/administrator/components/com_jce/controller.php,controller.php,2026-07-10T03:09:15.874Z,4366,6548e20035ff333082bc90adb17cf16f261323e375b4b0b64cc12826bb1aac9b
/mnt/data/example.com/administrator/index.php,index.php,2026-07-10T03:09:15.893Z,104,df28e7b7a007ba351690653d46641300bb0831134673acdabd2eca03145f2100
/mnt/data/example.com/assets/print.css,print.css,2026-07-10T03:09:15.886Z,111,757a3e53c9ee0c38623e20c2e0ab29777e2ac939c37c85cf250a11fdf29c35c1
/mnt/data/example.com/assets/theme.css,theme.css,2026-07-10T03:09:15.886Z,111,313ea5e212da3d75359c6947d4f576d709daba96d177c83235a8fa66d3c4afba
/mnt/data/example.com/big.php,big.php,2026-07-10T03:09:15.874Z,47403,de5c1fa4877aec8fd88b6ee14c5b9651087271d3449f36db7cb172022608ddb7
/mnt/data/example.com/cache/sess_a1b2c3d4e5f6.php,sess_a1b2c3d4e5f6.php,2026-07-10T03:09:15.889Z,192,21c2c50d97d1e898fa0928dcf723fcc26e7bdfe707bd1cc0d36231e17a153a07
/mnt/data/example.com/components/com_content/content.php,content.php,2026-07-10T03:09:15.894Z,142,4da459e2310c187cd35883f5a239e2ab0289d5cc72a95b59cf44e5f7712c44db
/mnt/data/example.com/config.php,config.php,2026-07-10T03:09:15.873Z,91,8bf0b627726ec1397cf03e5f56ea6249e52dc3d62476912d323e2574af8459fe
/mnt/data/example.com/css/site.css,site.css,2026-07-10T03:09:15.894Z,130,4e41cb38486c6b85d0645bd36ef7407ab25462e21bbe23b3478b010ce8c28bf4
/mnt/data/example.com/docs/CHANGELOG.md,CHANGELOG.md,2026-07-10T03:09:15.888Z,101,1937b204b440f6c8e9dba980c45329c4e4ffc864049756d9bafec5c975e8472e
/mnt/data/example.com/docs/README.md,README.md,2026-07-10T03:09:15.887Z,103,381e1ad8b11cfe7e0a24d05909556dd9a15bd1e2ee6a95c03c9731942e91fa37
/mnt/data/example.com/feed.xml,feed.xml,2026-07-10T03:09:15.895Z,109,24c9a2c346594ac336b0cc72886f833a130577ac0e5a9aa91fd77566d282cabd
/mnt/data/example.com/humans.txt,humans.txt,2026-07-10T03:09:15.885Z,45,241a13f217cc856d0ad407adf066f57b33ab0e0151bf53a34aca3d4e3d382b58
/mnt/data/example.com/images/thumb.php,thumb.php,2026-07-10T03:09:15.889Z,49,42b967649c09b993e0ccbd1aa778f4826dccf0a5a1171fbb5150ba5be0286c05
/mnt/data/example.com/index.php,index.php,2026-07-10T03:09:15.873Z,264,4cb2236d8880e6cfe2554221426414b25139ad5c0a87ef572ed2bbc029f9cd41
/mnt/data/example.com/js/gallery.js,gallery.js,2026-07-10T03:09:15.887Z,113,66af47610d39b323de1f8b630005315ac13f998b42cecf9f9be5e04bb83b8ca8
/mnt/data/example.com/js/menu.js,menu.js,2026-07-10T03:09:15.886Z,110,dcf80b63e0ed32318cd37cbb755a1018bc8a8fbe583e4f11e50cd2eea342532e
/mnt/data/example.com/lib/util.js,util.js,2026-07-10T03:09:15.873Z,255,85553665923073e57ae990a3a0a2589ad545c8292fae271b1c0b7bb7121fd6fd
/mnt/data/example.com/libraries/joomla/version.php,version.php,2026-07-10T03:09:15.874Z,297,c7b1282600426a95afa0d36ac4ddb5bf0b90d3bcc37998eccde2968309ace238
/mnt/data/example.com/media/logo.php.jpg,logo.php.jpg,2026-07-10T03:09:15.890Z,39,d5f177d894724c5e16f785599c19ddb77c398dc93026f93934a0a3bd6778ff0e
/mnt/data/example.com/media/logo.svg,logo.svg,2026-07-10T03:09:15.888Z,145,2ceb1c9f5a69fdc805768fdce07b9419c2fa181a13aa3328b7f6489ca1f0566d
/mnt/data/example.com/media/system/hax.php,hax.php,2026-07-10T03:09:15.897Z,129,cd3c409450634bdcf2696b877e3a9b667b8a738fd687ec8f24d173e720c65373
/mnt/data/example.com/robots.txt,robots.txt,2026-07-10T03:09:15.885Z,40,204f44932f02085d41ee670f93fcc028759c89c8b60b200c8b9a8ee499a1a1d7
/mnt/data/example.com/templates/protostar/index.php,index.php,2026-07-10T03:09:15.892Z,115,4ecacdc5d60ae9cc7c494b14a8013ad21c77674547c0131affe4626c51dfe29c
/mnt/data/example.com/tmp/wp-conf.php,wp-conf.php,2026-07-10T03:09:15.890Z,102,7235886e10e04bd26df428862a73ebbb92ec4ab98eb96fc8bcd99d4dd62d6f0f
/mnt/data/example.com/uploads/shell.php,shell.php,2026-07-10T02:56:39.003Z,72,9cf4229fb7ac83849619e947ae6bfb2a5129e10a588a02b6df40a76640681555
/mnt/data/example.com/uploads/upload.php,upload.php,2026-07-10T03:09:15.888Z,133,94fba9597028ddb6e8395bb421430307b58490df4580f9ee76114998ae0589c6
/mnt/data/shop.local/about.html,about.html,2026-07-10T03:09:15.905Z,88,974f59ce90a656e7b11cafa23baa105dd64d03e187d386da955990f239379e0f
/mnt/data/shop.local/assets/checkout.css,checkout.css,2026-07-10T03:09:15.898Z,114,9102621473389c53b9e035025d129e816a68a1fc0e24768ccc43d789c8f88cf6
/mnt/data/shop.local/assets/shop.css,shop.css,2026-07-10T03:09:15.898Z,110,f78667dfbc1861ae49aec00a7874b8fbc34e0a404b306eba33b471a527794ee1
/mnt/data/shop.local/cache/shell.php,shell.php,2026-07-10T02:56:39.004Z,72,9cf4229fb7ac83849619e947ae6bfb2a5129e10a588a02b6df40a76640681555
/mnt/data/shop.local/cache/x.php,x.php,2026-07-10T03:09:15.900Z,49,42b967649c09b993e0ccbd1aa778f4826dccf0a5a1171fbb5150ba5be0286c05
/mnt/data/shop.local/checkout.php,checkout.php,2026-07-10T03:09:15.903Z,126,99178f60a8147fa099eb33c565b7463c844b3f91171dccc80f21aaebde9368db
/mnt/data/shop.local/img/banner.svg,banner.svg,2026-07-10T03:09:15.900Z,138,df06d1aa49c8464c45ae891c9aaa8b6ea4f1cbeeb2d1576ccc7e9b204f8210cd
/mnt/data/shop.local/includes/header.php,header.php,2026-07-10T03:09:15.903Z,137,442514fac18bab23dfac1bb3a3ba155b8221d6ef2d8fe265a5f939b83e5c1a0d
/mnt/data/shop.local/index.html,index.html,2026-07-10T03:09:15.875Z,226,49af626d6373d2926c4b323792aa54582c7e83684507df63ea5ced7d8e1d4ecb
/mnt/data/shop.local/js/cart.js,cart.js,2026-07-10T03:09:15.898Z,110,3181c6d7ffc0176eedc0207e14429ebe261ef7d7bf0fcda4e86d8b3ebedd85e9
/mnt/data/shop.local/js/search.js,search.js,2026-07-10T03:09:15.899Z,112,dbf8a16d1a09492b23198cfe1d3971872958cb352697e17ef2725b3e19fa051c
/mnt/data/shop.local/media/promo.php.gif,promo.php.gif,2026-07-10T03:09:15.902Z,39,d5f177d894724c5e16f785599c19ddb77c398dc93026f93934a0a3bd6778ff0e
/mnt/data/shop.local/media/system/hax.php,hax.php,2026-07-10T03:09:15.907Z,129,cd3c409450634bdcf2696b877e3a9b667b8a738fd687ec8f24d173e720c65373
/mnt/data/shop.local/products/catalog.json,catalog.json,2026-07-10T03:09:15.899Z,166,bc1ed6ba268d2d005a69f2727b7d01d5bbb9174054da6a16902ea7390f7767e1
/mnt/data/shop.local/README.md,README.md,2026-07-10T03:09:15.899Z,102,1c77dc346c6b71ae378da7ebbf5c0490649c7c761e309864ee0048e293d18b1f
/mnt/data/shop.local/robots.txt,robots.txt,2026-07-10T03:09:15.897Z,23,16ceb5ee3e0dc13aa9adf31a3ebbe45a1d965b8c2b9f72eaf84e5911e140ed95
/mnt/data/shop.local/sitemap.xml,sitemap.xml,2026-07-10T03:09:15.906Z,109,d723ed6725dbe0fb82228c120d4c1d094c45e6fda6ecd44c7344d0e083a02ef7
/mnt/data/shop.local/style.css,style.css,2026-07-10T03:09:15.904Z,133,c5ba2515bc809a667b396065510f2f97855404c874126198525cb7ba7e869093
/mnt/data/shop.local/tmp/0day.php,0day.php,2026-07-10T03:09:15.902Z,192,21c2c50d97d1e898fa0928dcf723fcc26e7bdfe707bd1cc0d36231e17a153a07
/mnt/data/shop.local/tmp/hax2.php,hax2.php,2026-07-10T03:09:15.907Z,129,cd3c409450634bdcf2696b877e3a9b667b8a738fd687ec8f24d173e720c65373
/mnt/data/shop.local/uploads/img.php,img.php,2026-07-10T03:09:15.900Z,133,94fba9597028ddb6e8395bb421430307b58490df4580f9ee76114998ae0589c6
/mnt/data/shop.local/wp-content/uploads/shell2.php,shell2.php,2026-07-10T03:09:15.902Z,102,7235886e10e04bd26df428862a73ebbb92ec4ab98eb96fc8bcd99d4dd62d6f0f
